,position,popularity,rank_velocity,rank_acceleration,rolling_7d_popularity,global_popularity,rank_volatility,dominance_score
position,1.0,-0.09444879595313327,0.1943925568005788,0.02703769136243261,-0.0465256115012744,9.192677863173206e-05,-0.2360787960633105,-0.04506668245909161
popularity,-0.09444879595313327,1.0,-0.05942387388669032,0.003016936433239796,0.8897263171973777,0.4683379789955932,0.09633372577246907,-0.015441246243904836
rank_velocity,0.1943925568005788,-0.05942387388669032,1.0,0.72603522000088,-0.10695571963263949,-0.298906986071648,0.05775027420738237,0.02230790020438908
rank_acceleration,0.02703769136243261,0.003016936433239796,0.72603522000088,1.0,-0.014109199531062681,-0.18270122211535642,0.002134439433961491,-0.0020403605500426657
rolling_7d_popularity,-0.0465256115012744,0.8897263171973777,-0.10695571963263949,-0.014109199531062681,1.0,0.4143888667759836,0.08361150531067905,-0.045519639168440304
global_popularity,9.192677863173206e-05,0.4683379789955932,-0.298906986071648,-0.18270122211535642,0.4143888667759836,1.0,0.012183028311931248,-0.02569708947984418
rank_volatility,-0.2360787960633105,0.09633372577246907,0.05775027420738237,0.002134439433961491,0.08361150531067905,0.012183028311931248,1.0,0.17371953462061657
dominance_score,-0.04506668245909161,-0.015441246243904836,0.02230790020438908,-0.0020403605500426657,-0.045519639168440304,-0.02569708947984418,0.17371953462061657,1.0
